"","birthCountryEnglish","n"
"1","United Kingdom",1501
"2","",554
"3","United States",339
"4","France",158
"5","Germany",142
"6","Italy",80
"7","Ireland",51
"8","Poland",41
"9","Canada",40
"10","Belgium",37
"11","Netherlands",35
"12","Brazil",30
"13","Austria",29
"14","Russia",29
"15","Spain",29
"16","Switzerland",28
"17","Australia",24
"18","Japan",24
"19","India",20
"20","South Africa",20
"21","China",19
"22","Argentina",17
"23","Ukraine",17
"24","Czech Republic",13
"25","Israel",13
"26","Mexico",13
"27","Romania",13
"28","Sweden",12
"29","Colombia",10
"30","Greece",10
"31","Iran",10
"32","New Zealand",10
"33","Portugal",10
"34","Croatia",9
"35","Cuba",9
"36","Denmark",9
"37","Egypt",7
"38","Hungary",7
"39","Lebanon",7
"40","Venezuela",7
"41","Slovenia",6
"42","Turkey",6
"43","Chile",5
"44","Pakistan",5
"45","Belarus",4
"46","Latvia",3
"47","Lithuania",3
"48","Norway",3
"49","Peru",3
"50","Serbia",3
"51","Slovakia",3
"52","South Korea",3
"53","Sri Lanka",3
"54","Algeria",2
"55","Bangladesh",2
"56","Bosnia and Herzegovina",2
"57","Bulgaria",2
"58","Indonesia",2
"59","Jamaica",2
"60","Mauritius",2
"61","Singapore",2
"62","Vietnam",2
"63","Albania",1
"64","Armenia",1
"65","Bahamas",1
"66","Barbados",1
"67","Benin",1
"68","Cameroun",1
"69","Costa Rica",1
"70","Estonia",1
"71","Finland",1
"72","Guyana",1
"73","Iceland",1
"74","Iraq",1
"75","Kenya",1
"76","Laos",1
"77","Luxembourg",1
"78","Macedonia",1
"79","Malaysia",1
"80","Malta",1
"81","Moldova",1
"82","Myanmar",1
"83","Nicaragua",1
"84","Nigeria",1
"85","Panama",1
"86","Philippines",1
"87","Syria",1
"88","Tanzania",1
"89","Thailand",1
"90","Tunisia",1
"91","Uganda",1
"92","Zambia",1
"93","Zimbabwe",1
